user_id,email,phone,password,type,permissions,role,monitor_status
1,ymcintyre@hotmail.com,9858008887,password373,Admin,Moderate,User,FALSE
2,jacksonelizabeth@hotmail.com,9870082004,password878,User,Limited,User,FALSE
3,cassandra91@hotmail.com,9858676756,password101,Admin,Moderate,Admin,TRUE
4,icurtis@hotmail.com,9825783497,password519,Admin,Limited,Manager,TRUE
5,natashasawyer@douglas-ramos.org,9891558287,password760,Admin,Limited,User,FALSE
6,simmonskirk@rivera.com,9834577676,password679,User,Limited,Manager,TRUE
7,joshua79@yahoo.com,9828546078,password298,User,Limited,Manager,FALSE
8,lisa19@ochoa-benson.com,9878477522,password935,Admin,Full,User,TRUE
9,suttonaaron@mcdaniel-baxter.com,9870446378,password694,Admin,Limited,Admin,FALSE
10,williamsonadam@yahoo.com,9846203294,password414,Admin,Full,Manager,TRUE
11,tamara53@hotmail.com,9855602500,password616,User,Limited,Admin,FALSE
12,courtneyrobles@hotmail.com,9860366386,password579,Admin,Moderate,Admin,TRUE
13,lanedebra@yahoo.com,9848334378,password165,Admin,Moderate,Admin,TRUE
14,scottdonna@hotmail.com,9856820706,password892,Admin,Moderate,Admin,FALSE
15,petersonlindsay@hotmail.com,9835562568,password387,User,Full,Manager,FALSE
16,josephgonzalez@peterson-mejia.com,9844423856,password797,Admin,Full,Admin,FALSE
17,wattscrystal@brooks.info,9878143974,password781,Admin,Full,User,FALSE
18,zleon@yahoo.com,9847728164,password495,Admin,Limited,Manager,TRUE
19,schapman@yahoo.com,9832906973,password239,User,Full,User,TRUE
20,samantha98@gmail.com,9838812074,password211,Admin,Moderate,User,TRUE
21,andrewgonzalez@gay.com,9873547375,password102,User,Full,User,TRUE
22,kristen96@gmail.com,9860438951,password791,User,Moderate,Admin,FALSE
23,youngcrystal@james.com,9868569525,password967,Admin,Full,Manager,TRUE
24,rpratt@hanna.com,9845326755,password314,Admin,Limited,Manager,TRUE
25,moniquecampbell@yahoo.com,9854464541,password189,Admin,Limited,User,FALSE
26,claire32@tran.com,9896024865,password498,Admin,Limited,User,TRUE
27,wrightgary@gmail.com,9893087130,password833,Admin,Full,User,TRUE
28,raven93@hotmail.com,9813081390,password658,Admin,Limited,User,FALSE
29,umarshall@hotmail.com,9830270458,password817,User,Moderate,User,FALSE
30,morganvanessa@yahoo.com,9833746415,password154,Admin,Full,Admin,FALSE
31,lthompson@yahoo.com,9874527515,password373,Admin,Full,Manager,FALSE
32,mcleanlaura@little.com,9853940638,password493,User,Moderate,Admin,TRUE
33,eric61@williams.com,9811010351,password157,Admin,Limited,Admin,TRUE
34,hlee@butler-mccullough.com,9812260586,password856,Admin,Full,User,FALSE
35,ginasimmons@hotmail.com,9867478909,password257,User,Moderate,Admin,TRUE
36,andrewwilliams@ellis.com,9886770404,password834,User,Moderate,Manager,FALSE
37,timothy58@rodriguez.net,9814210545,password847,Admin,Limited,Manager,FALSE
38,robertsimmons@franklin.com,9854673773,password607,User,Moderate,Admin,TRUE
39,tmann@stark-bryant.biz,9845558040,password183,Admin,Full,User,TRUE
40,williebyrd@hill.com,9856208432,password708,User,Limited,User,TRUE
41,seanschwartz@price-gonzalez.com,9896663606,password645,Admin,Limited,Manager,TRUE
42,edwin02@yahoo.com,9895578403,password867,Admin,Moderate,User,FALSE
43,toliver@yahoo.com,9866629536,password958,Admin,Moderate,Admin,FALSE
44,andrewoneal@gmail.com,9885847067,password123,User,Full,Admin,FALSE
45,martinezmichael@stewart.com,9821119316,password712,Admin,Moderate,Manager,FALSE
46,gavingonzalez@gmail.com,9840285369,password286,Admin,Moderate,Manager,TRUE
47,andrew88@yahoo.com,9889187107,password480,User,Moderate,Manager,FALSE
48,hgates@hotmail.com,9817046890,password791,Admin,Moderate,Manager,FALSE
49,lesterjoe@yahoo.com,9881807075,password764,Admin,Full,Manager,FALSE
50,qshields@yahoo.com,9891802761,password382,Admin,Moderate,Manager,TRUE
51,ngriffin@gmail.com,9832635804,password534,Admin,Full,User,TRUE
52,jordancynthia@grant-gallegos.biz,9887649934,password406,User,Limited,Manager,TRUE
53,hurleysarah@gmail.com,9872901184,password212,Admin,Limited,Admin,FALSE
54,fkemp@gallegos.org,9855115838,password400,User,Moderate,Admin,FALSE
55,mendozajonathan@wilson-thornton.com,9832085515,password697,Admin,Full,Manager,FALSE
56,walkerryan@gmail.com,9833601167,password345,Admin,Full,User,FALSE
57,richard34@jones.com,9835090041,password135,User,Full,Manager,FALSE
58,apatrick@gmail.com,9873577710,password306,Admin,Moderate,Manager,FALSE
59,hutchinsonmichele@hotmail.com,9853665759,password930,User,Moderate,Admin,TRUE
60,joshua18@gmail.com,9861443988,password463,Admin,Limited,Manager,FALSE
61,jason28@gmail.com,9857732563,password912,User,Full,User,FALSE
62,richard21@hotmail.com,9879905443,password722,User,Moderate,Admin,TRUE
63,jclarke@hotmail.com,9860848967,password132,User,Moderate,User,TRUE
64,jessicagarrett@hotmail.com,9885720103,password921,User,Moderate,Admin,FALSE
65,carlrobertson@allen-rodriguez.com,9828102865,password210,User,Moderate,User,FALSE
66,shawnarellano@hotmail.com,9894582442,password313,User,Limited,User,FALSE
67,hjackson@cooke-white.com,9836690188,password158,User,Full,Admin,TRUE
68,williamhart@hotmail.com,9888274560,password844,User,Limited,Admin,FALSE
69,phillipsdebra@harris.com,9813502686,password871,Admin,Moderate,User,TRUE
70,michelemiller@yahoo.com,9826086261,password478,Admin,Full,Manager,TRUE
71,michelledecker@hotmail.com,9869477701,password383,User,Limited,Manager,FALSE
72,lucerozachary@white.net,9835775591,password797,Admin,Full,User,TRUE
73,tjohnson@yahoo.com,9843011569,password887,User,Moderate,User,TRUE
74,mgonzalez@yahoo.com,9832602930,password810,User,Limited,Admin,FALSE
75,kathycarrillo@gmail.com,9842634450,password315,User,Moderate,Manager,FALSE
76,baileymark@gmail.com,9853210484,password983,User,Moderate,Manager,FALSE
77,patricia31@williams-perez.com,9835216918,password577,Admin,Limited,User,TRUE
78,davidwilson@johnson-hart.biz,9864509032,password474,Admin,Limited,Admin,TRUE
79,heatherholland@gmail.com,9868653311,password344,User,Full,Admin,TRUE
80,jeremy36@hernandez.net,9860997947,password587,Admin,Limited,Manager,FALSE
81,landrykelly@martinez.com,9866985020,password590,Admin,Limited,User,FALSE
82,dbrown@yahoo.com,9889870375,password804,Admin,Limited,Admin,TRUE
83,kristincole@foster-potts.biz,9876284227,password842,Admin,Full,Manager,FALSE
84,brian96@hotmail.com,9813817038,password215,User,Limited,Manager,FALSE
85,parkkyle@perez.net,9831471331,password863,Admin,Limited,Manager,TRUE
86,bookeralyssa@gmail.com,9819973905,password833,User,Moderate,Admin,FALSE
87,samanthavincent@shaffer.com,9817187495,password451,Admin,Full,Admin,TRUE
88,kellywood@hutchinson.com,9830018439,password406,User,Full,User,TRUE
89,christy58@white-pope.info,9870416683,password614,Admin,Moderate,Admin,FALSE
90,scottmcclure@macdonald.com,9896888825,password325,User,Full,User,FALSE
91,andersonchristina@hotmail.com,9863519904,password658,Admin,Full,Manager,TRUE
92,fordyolanda@kramer.org,9817331184,password601,User,Limited,User,TRUE
93,jennifer50@weeks.net,9849297604,password894,User,Full,User,FALSE
94,richardsonedward@adams-bailey.net,9849676263,password780,User,Full,Admin,FALSE
95,obutler@stone.info,9855377700,password850,Admin,Full,Manager,TRUE
96,ernestreed@yahoo.com,9824771372,password178,Admin,Limited,Manager,TRUE
97,daltonkatie@gates.net,9819053398,password257,Admin,Limited,Admin,FALSE
98,kimking@bolton.com,9876680761,password264,Admin,Limited,User,FALSE
99,james06@austin.com,9860138461,password892,User,Moderate,User,TRUE
100,fischersabrina@yahoo.com,9820967706,password826,User,Limited,Manager,TRUE
